{"cameraMode":{"drawMode":0,"name":"Shaded","section":"Shading Mode"},"sceneLighting":false,"audioPlay":false,"sceneViewState":{"m_AlwaysRefresh":false,"showFog":false,"showSkybox":false,"showFlares":false,"showImageEffects":false,"showParticleSystems":false,"showVisualEffectGraphs":true,"m_FxEnabled":true},"in2DMode":false,"pivot":{"x":-0.004131542053073645,"y":1.8586020469665528,"z":-0.6517561078071594},"rotation":{"x":0.0030448653269559147,"y":0.9951964020729065,"z":-0.09613550454378128,"w":0.02560962736606598},"size":1.585614562034607,"orthographic":false}