{"cameraMode":{"drawMode":0,"name":"Shaded","section":"Shading Mode"},"sceneLighting":false,"audioPlay":false,"sceneViewState":{"m_AlwaysRefresh":false,"showFog":true,"showSkybox":false,"showFlares":true,"showImageEffects":true,"showParticleSystems":true,"showVisualEffectGraphs":true,"m_FxEnabled":true},"in2DMode":false,"pivot":{"x":0.0012323689879849554,"y":0.9191925525665283,"z":0.11066053807735443},"rotation":{"x":-0.004041893407702446,"y":-0.996549665927887,"z":0.05565077066421509,"w":-0.06403027474880219},"size":0.5082738399505615,"orthographic":false}