{"cameraMode":{"drawMode":0,"name":"Shaded","section":"Shading Mode"},"sceneLighting":false,"audioPlay":false,"sceneViewState":{"m_AlwaysRefresh":false,"showFog":false,"showSkybox":false,"showFlares":false,"showImageEffects":false,"showParticleSystems":false,"showVisualEffectGraphs":true,"m_FxEnabled":true},"in2DMode":false,"pivot":{"x":0.06689019501209259,"y":1.0627591609954835,"z":-0.38280007243156435},"rotation":{"x":0.0001407418749295175,"y":0.9997681379318237,"z":-0.025817565619945527,"w":-0.008715434931218624},"size":1.379569411277771,"orthographic":false}