{"cameraMode":{"drawMode":0,"name":"Shaded","section":"Shading Mode"},"sceneLighting":false,"audioPlay":false,"sceneViewState":{"m_AlwaysRefresh":false,"showFog":true,"showSkybox":false,"showFlares":true,"showImageEffects":true,"showParticleSystems":true,"showVisualEffectGraphs":true,"m_FxEnabled":true},"in2DMode":false,"pivot":{"x":-2.4026057720184328,"y":2.9689319133758547,"z":0.21588687598705293},"rotation":{"x":0.11288156360387802,"y":-0.5557329654693604,"z":0.07657187432050705,"w":0.8202233910560608},"size":3.9076764583587648,"orthographic":false}