{"cameraMode":{"drawMode":0,"name":"Shaded","section":"Shading Mode"},"sceneLighting":false,"audioPlay":false,"sceneViewState":{"m_AlwaysRefresh":false,"showFog":false,"showSkybox":false,"showFlares":false,"showImageEffects":false,"showParticleSystems":false,"showVisualEffectGraphs":true,"m_FxEnabled":true},"in2DMode":false,"pivot":{"x":0.44230222702026369,"y":1.5390183925628663,"z":0.42756959795951846},"rotation":{"x":-0.006287014111876488,"y":-0.9765440225601196,"z":0.21458382904529572,"w":-0.025939857587218286},"size":0.7682913541793823,"orthographic":false}